ticker,company_name,sector,talk_intensity_score,walk_weakness_score,integrity_weakness_score,cross_source_contradiction_score,final_inconsistency_index,index_percentile,review_priority_tier,explanation
EFX,"Equifax, Incorporated",Industrials,1.0,0.7416,0.9553,0.2392,0.7994,1.0,High priority,"Flagged for high ESG disclosure intensity, weak external ESG evidence, weak integrity signal; requires further ESG due diligence."
WFC,Wells Fargo & Co.,Financial Services,0.6887,0.9896,0.9222,0.2735,0.7634,0.9961,High priority,"Flagged for high ESG disclosure intensity, weak external ESG evidence, weak integrity signal; requires further ESG due diligence."
NRG,"Nrg Energy, Inc.",Utilities,0.9144,0.8875,0.716,0.1864,0.7574,0.9922,High priority,"Flagged for high ESG disclosure intensity, weak external ESG evidence, weak integrity signal; requires further ESG due diligence."
MMM,3m Company,Industrials,0.6809,0.9202,0.9864,0.2783,0.7534,0.9883,High priority,"Flagged for high ESG disclosure intensity, weak external ESG evidence, weak integrity signal; requires further ESG due diligence."
WYNN,Wynn Resorts Ltd,Consumer Cyclical,0.9261,0.7697,0.8463,0.1354,0.7446,0.9844,High priority,"Flagged for high ESG disclosure intensity, weak external ESG evidence, weak integrity signal; requires further ESG due diligence."
CVX,Chevron Corporation,Energy,0.7938,0.8023,0.9553,0.1574,0.7332,0.9805,High priority,"Flagged for high ESG disclosure intensity, weak external ESG evidence, weak integrity signal; requires further ESG due diligence."
ATO,Atmos Energy Corporation,Utilities,0.8872,0.8716,0.4533,0.4263,0.7266,0.9767,High priority,"Flagged for high ESG disclosure intensity, weak external ESG evidence; requires further ESG due diligence."
OXY,Occidental Petroleum Corporation,Energy,0.6615,1.0,0.716,0.3148,0.7219,0.9728,High priority,"Flagged for weak external ESG evidence, weak integrity signal; requires further ESG due diligence."
CB,Chubb Limited,Financial Services,0.9883,0.7206,0.3696,0.5374,0.7166,0.9689,High priority,"Flagged for high ESG disclosure intensity, weak external ESG evidence, cross-source inconsistency; requires further ESG due diligence."
CNP,"Centerpoint Energy, Inc.",Utilities,0.9805,0.7068,0.4533,0.4567,0.7144,0.965,High priority,"Flagged for high ESG disclosure intensity, weak external ESG evidence; requires further ESG due diligence."
DLTR,Dollar Tree Inc.,Consumer Defensive,0.8638,0.4889,0.9767,0.4422,0.7107,0.9611,High priority,"Flagged for high ESG disclosure intensity, weak integrity signal; requires further ESG due diligence."
DVN,Devon Energy Corporation,Energy,0.8677,0.7209,0.8463,0.1374,0.7098,0.9572,High priority,"Flagged for high ESG disclosure intensity, weak external ESG evidence, weak integrity signal; requires further ESG due diligence."
CTRA,Coterra Energy Inc.,Energy,0.821,0.8826,0.5389,0.3174,0.7075,0.9533,High priority,"Flagged for high ESG disclosure intensity, weak external ESG evidence; requires further ESG due diligence."
PNW,Pinnacle West Capital Corporation,Utilities,0.8911,0.7989,0.4533,0.3997,0.7022,0.9455,High priority,"Flagged for high ESG disclosure intensity, weak external ESG evidence; requires further ESG due diligence."
NDSN,Nordson Corp,Industrials,0.9922,0.6133,0.5389,0.4211,0.7022,0.9494,High priority,Flagged for high ESG disclosure intensity; requires further ESG due diligence.
AVGO,Broadcom Inc.,Technology,0.93,0.4538,0.8463,0.4403,0.6969,0.9416,High priority,"Flagged for high ESG disclosure intensity, weak integrity signal; requires further ESG due diligence."
CMS,Cms Energy Corporation,Utilities,0.9183,0.2915,0.9553,0.646,0.6968,0.9377,High priority,"Flagged for high ESG disclosure intensity, weak integrity signal, cross-source inconsistency; requires further ESG due diligence."
ITW,Illinois Tool Works Inc.,Industrials,0.9339,0.6079,0.716,0.2876,0.6955,0.9339,High priority,"Flagged for high ESG disclosure intensity, weak integrity signal; requires further ESG due diligence."
XOM,Exxon Mobil Corporation,Energy,0.3502,0.97,0.9222,0.5973,0.6876,0.93,High priority,"Flagged for weak external ESG evidence, weak integrity signal, cross-source inconsistency; requires further ESG due diligence."
FTV,Fortive Corporation,Technology,0.6654,0.9494,0.6109,0.3148,0.6871,0.9261,High priority,Flagged for weak external ESG evidence; requires further ESG due diligence.
PNC,Pnc Financial Services Group,Financial Services,0.8171,0.8381,0.4533,0.3748,0.6843,0.9222,High priority,"Flagged for high ESG disclosure intensity, weak external ESG evidence; requires further ESG due diligence."
STT,State Street Corporation,Financial Services,0.5953,0.757,0.9767,0.3315,0.6805,0.9183,High priority,"Flagged for weak external ESG evidence, weak integrity signal; requires further ESG due diligence."
VLO,Valero Energy Corporation,Energy,0.6848,0.7441,0.9222,0.214,0.6794,0.9144,High priority,"Flagged for high ESG disclosure intensity, weak external ESG evidence, weak integrity signal; requires further ESG due diligence."
TSLA,"Tesla, Inc.",Consumer Cyclical,0.7276,0.7883,0.8463,0.1028,0.6758,0.9105,High priority,"Flagged for high ESG disclosure intensity, weak external ESG evidence, weak integrity signal; requires further ESG due diligence."
HBAN,Huntington Bancshares Inc,Financial Services,0.8949,0.6018,0.716,0.2559,0.6754,0.9066,High priority,"Flagged for high ESG disclosure intensity, weak integrity signal; requires further ESG due diligence."
DUK,Duke Energy Corporation,Utilities,0.9611,0.5659,0.5389,0.4093,0.6753,0.9027,High priority,Flagged for high ESG disclosure intensity; requires further ESG due diligence.
JPM,Jpmorgan Chase & Co.,Financial Services,0.284,0.9176,0.9922,0.674,0.6742,0.8988,Medium priority,"Flagged for weak external ESG evidence, weak integrity signal, cross-source inconsistency; requires further ESG due diligence."
BMY,Bristol-Myers Squibb Co.,Healthcare,0.6187,0.7069,0.9767,0.323,0.6724,0.8949,Medium priority,"Flagged for weak external ESG evidence, weak integrity signal; requires further ESG due diligence."
LMT,Lockheed Martin Corp.,Industrials,0.5992,0.7863,0.9222,0.2809,0.6722,0.8911,Medium priority,"Flagged for weak external ESG evidence, weak integrity signal; requires further ESG due diligence."
MCHP,Microchip Technology Inc,Technology,0.7782,0.8328,0.5389,0.2707,0.6706,0.8872,Medium priority,"Flagged for high ESG disclosure intensity, weak external ESG evidence; requires further ESG due diligence."
PCAR,Paccar Inc,Industrials,0.7549,0.5786,0.9222,0.2976,0.6669,0.8833,Medium priority,"Flagged for high ESG disclosure intensity, weak integrity signal; requires further ESG due diligence."
ABBV,Abbvie Inc.,Healthcare,0.2763,0.9259,0.9553,0.6648,0.6652,0.8794,Medium priority,"Flagged for weak external ESG evidence, weak integrity signal, cross-source inconsistency; requires further ESG due diligence."
MPC,Marathon Petroleum Corporation,Energy,0.8716,0.6823,0.5389,0.289,0.6609,0.8755,Medium priority,"Flagged for high ESG disclosure intensity, weak external ESG evidence; requires further ESG due diligence."
CSX,Csx Corporation,Industrials,0.8327,0.4839,0.8463,0.3557,0.6592,0.8716,Medium priority,"Flagged for high ESG disclosure intensity, weak integrity signal; requires further ESG due diligence."
EIX,Edison International,Utilities,0.9105,0.6275,0.4533,0.3997,0.6575,0.8677,Medium priority,Flagged for high ESG disclosure intensity; requires further ESG due diligence.
PKG,Packaging Corp of America,Consumer Cyclical,0.7821,0.6084,0.8463,0.2132,0.6575,0.8638,Medium priority,"Flagged for high ESG disclosure intensity, weak integrity signal; requires further ESG due diligence."
VMC,Vulcan Materials Company,Basic Materials,0.8794,0.625,0.6109,0.2617,0.6567,0.8599,Medium priority,Flagged for high ESG disclosure intensity; requires further ESG due diligence.
BSX,Boston Scientific Corp.,Healthcare,0.9027,0.6565,0.3696,0.4621,0.6562,0.856,Medium priority,Flagged for high ESG disclosure intensity; requires further ESG due diligence.
KLAC,Kla Corporation,Technology,0.9416,0.3545,0.716,0.513,0.6561,0.8521,Medium priority,"Flagged for high ESG disclosure intensity, weak integrity signal, cross-source inconsistency; requires further ESG due diligence."
ABT,Abbott Laboratories,Healthcare,0.4514,0.7892,0.9553,0.4448,0.6525,0.8482,Medium priority,"Flagged for weak external ESG evidence, weak integrity signal; requires further ESG due diligence."
WMB,Williams Companies Inc.,Energy,0.8288,0.4389,0.8463,0.3989,0.6509,0.8444,Medium priority,"Flagged for high ESG disclosure intensity, weak integrity signal; requires further ESG due diligence."
AEP,"American Electric Power Company, Inc.",Utilities,0.786,0.5345,0.8463,0.2865,0.6477,0.8405,Medium priority,"Flagged for high ESG disclosure intensity, weak integrity signal; requires further ESG due diligence."
COP,Conocophillips,Energy,0.6498,0.734,0.8463,0.1707,0.6425,0.8366,Medium priority,"Flagged for weak external ESG evidence, weak integrity signal; requires further ESG due diligence."
APD,"Air Products & Chemicals, Inc.",Basic Materials,0.9689,0.1762,0.716,0.7013,0.6404,0.8327,Medium priority,"Flagged for high ESG disclosure intensity, weak integrity signal, cross-source inconsistency; requires further ESG due diligence."
FFIV,"F5, Inc.",Technology,0.9455,0.3707,0.6109,0.5,0.6393,0.8288,Medium priority,"Flagged for high ESG disclosure intensity, cross-source inconsistency; requires further ESG due diligence."
EOG,"Eog Resources, Inc.",Energy,0.5058,0.8133,0.8463,0.3252,0.6391,0.8249,Medium priority,"Flagged for weak external ESG evidence, weak integrity signal; requires further ESG due diligence."
LH,Labcorp Holdings Inc.,Healthcare,0.751,0.5646,0.8463,0.2482,0.6387,0.821,Medium priority,"Flagged for high ESG disclosure intensity, weak integrity signal; requires further ESG due diligence."
UHS,"Universal Health Services, Inc. Class B",Healthcare,0.0117,0.9721,0.9864,0.9677,0.6381,0.8171,Medium priority,"Flagged for weak external ESG evidence, weak integrity signal, cross-source inconsistency; requires further ESG due diligence."
APA,Apa Corporation,Energy,0.5214,0.9426,0.5389,0.4127,0.635,0.8132,Medium priority,Flagged for weak external ESG evidence; requires further ESG due diligence.
LUV,Southwest Airlines Co.,Industrials,0.5253,0.7876,0.8463,0.2961,0.6338,0.8093,Medium priority,"Flagged for weak external ESG evidence, weak integrity signal; requires further ESG due diligence."
ALB,Albemarle Corporation,Basic Materials,0.7704,0.7062,0.716,0.0599,0.6337,0.8054,Medium priority,"Flagged for high ESG disclosure intensity, weak external ESG evidence, weak integrity signal; requires further ESG due diligence."
VZ,Verizon Communications,Communication Services,0.7432,0.3973,0.9222,0.4622,0.6331,0.8016,Medium priority,"Flagged for high ESG disclosure intensity, weak integrity signal; requires further ESG due diligence."
PSX,Phillips 66,Energy,0.5642,0.8446,0.716,0.2431,0.6305,0.7977,Medium priority,"Flagged for weak external ESG evidence, weak integrity signal; requires further ESG due diligence."
PANW,"Palo Alto Networks, Inc.",Technology,0.9767,0.3089,0.5389,0.5875,0.6304,0.7938,Medium priority,"Flagged for high ESG disclosure intensity, cross-source inconsistency; requires further ESG due diligence."
TDG,Transdigm Group Incorporated,Industrials,0.1245,0.8807,0.9961,0.82,0.63,0.7899,Medium priority,"Flagged for weak external ESG evidence, weak integrity signal, cross-source inconsistency; requires further ESG due diligence."
MTB,M&t Bank Corp.,Financial Services,0.716,0.8352,0.2179,0.5672,0.6298,0.786,Medium priority,"Flagged for high ESG disclosure intensity, weak external ESG evidence, cross-source inconsistency; requires further ESG due diligence."
IDXX,Idexx Laboratories Inc,Healthcare,0.8755,0.3708,0.716,0.4468,0.6279,0.7821,Medium priority,"Flagged for high ESG disclosure intensity, weak integrity signal; requires further ESG due diligence."
INCY,Incyte Genomics Inc,Healthcare,0.5759,0.819,0.716,0.2114,0.6222,0.7782,Medium priority,"Flagged for weak external ESG evidence, weak integrity signal; requires further ESG due diligence."
AMZN,Amazon.com Inc,Consumer Cyclical,0.6576,0.8612,0.2957,0.4961,0.6221,0.7743,Medium priority,Flagged for weak external ESG evidence; requires further ESG due diligence.
SHW,The Sherwin-Williams Company,Basic Materials,0.4553,0.7084,0.9222,0.4049,0.617,0.7704,Medium priority,"Flagged for weak external ESG evidence, weak integrity signal; requires further ESG due diligence."
SLB,Schlumberger Limited,Energy,0.7665,0.2299,0.9222,0.6291,0.6161,0.7665,Medium priority,"Flagged for high ESG disclosure intensity, weak integrity signal, cross-source inconsistency; requires further ESG due diligence."
SYK,Stryker Corporation,Healthcare,0.3813,0.814,0.8463,0.4497,0.6144,0.7626,Medium priority,"Flagged for weak external ESG evidence, weak integrity signal; requires further ESG due diligence."
MLM,Martin Marietta Materials,Basic Materials,0.3541,0.8205,0.8463,0.4798,0.6113,0.7588,Medium priority,"Flagged for weak external ESG evidence, weak integrity signal; requires further ESG due diligence."
PPG,"Ppg Industries, Inc.",Basic Materials,0.7004,0.4688,0.8463,0.3297,0.6045,0.7549,Medium priority,"Flagged for high ESG disclosure intensity, weak integrity signal; requires further ESG due diligence."
AIZ,"Assurant, Inc.",Financial Services,0.6031,0.758,0.716,0.1387,0.6025,0.751,Medium priority,"Flagged for weak external ESG evidence, weak integrity signal; requires further ESG due diligence."
RSG,Republic Services Inc.,Industrials,0.8482,0.5347,0.4533,0.3612,0.6021,0.7471,Medium priority,Flagged for high ESG disclosure intensity; requires further ESG due diligence.
PCG,Pg&e Corporation,Utilities,0.6381,0.7921,0.4533,0.2938,0.5957,0.7432,Medium priority,Flagged for weak external ESG evidence; requires further ESG due diligence.
TXT,"Textron, Inc.",Industrials,0.4825,0.8474,0.6109,0.3206,0.5933,0.7393,Medium priority,Flagged for weak external ESG evidence; requires further ESG due diligence.
SRE,Sempra,Utilities,0.9572,0.4193,0.0973,0.7525,0.5931,0.7354,Medium priority,"Flagged for high ESG disclosure intensity, cross-source inconsistency; requires further ESG due diligence."
YUM,"Yum! Brands, Inc.",Consumer Cyclical,0.6109,0.5623,0.8463,0.2631,0.5912,0.7315,Medium priority,Flagged for weak integrity signal; requires further ESG due diligence.
JBHT,Jb Hunt Transport Services Inc,Industrials,0.9844,0.1448,0.4533,0.7356,0.589,0.7276,Medium priority,"Flagged for high ESG disclosure intensity, cross-source inconsistency; requires further ESG due diligence."
LYB,Lyondellbasell Industries N.v. Class A,Basic Materials,0.7237,0.5479,0.716,0.1721,0.5867,0.7237,Medium priority,"Flagged for high ESG disclosure intensity, weak integrity signal; requires further ESG due diligence."
ZBH,"Zimmer Biomet Holdings, Inc.",Healthcare,0.2296,0.8091,0.8463,0.599,0.5822,0.7198,Medium priority,"Flagged for weak external ESG evidence, weak integrity signal, cross-source inconsistency; requires further ESG due diligence."
CPRT,Copart Inc,Industrials,0.9494,0.3123,0.2957,0.6456,0.582,0.716,Medium priority,"Flagged for high ESG disclosure intensity, cross-source inconsistency; requires further ESG due diligence."
EQIX,"Equinix, Inc. Reit",Real Estate,0.9961,0.3034,0.0681,0.8356,0.5786,0.7121,Medium priority,"Flagged for high ESG disclosure intensity, cross-source inconsistency; requires further ESG due diligence."
PWR,"Quanta Services, Inc.",Industrials,0.6226,0.7988,0.2179,0.5159,0.5785,0.7082,Medium priority,"Flagged for weak external ESG evidence, cross-source inconsistency; requires further ESG due diligence."
NTAP,"Netapp, Inc",Technology,0.8833,0.3442,0.4533,0.4937,0.5771,0.7043,Medium priority,Flagged for high ESG disclosure intensity; requires further ESG due diligence.
ADM,Archer Daniels Midland Company,Consumer Defensive,0.0584,0.8797,0.8463,0.8052,0.5744,0.7004,Medium priority,"Flagged for weak external ESG evidence, weak integrity signal, cross-source inconsistency; requires further ESG due diligence."
AIG,"American International Group, Inc.",Financial Services,0.4202,0.7804,0.716,0.3326,0.5743,0.6965,Standard review,"Flagged for weak external ESG evidence, weak integrity signal; requires further ESG due diligence."
TFX,Teleflex Incorporated,Healthcare,0.2218,0.8764,0.716,0.591,0.5724,0.6926,Standard review,"Flagged for weak external ESG evidence, weak integrity signal, cross-source inconsistency; requires further ESG due diligence."
CCL,Carnival Corporation,Consumer Cyclical,0.5175,0.5898,0.8463,0.2993,0.5722,0.6887,Standard review,Flagged for weak integrity signal; requires further ESG due diligence.
SWKS,Skyworks Solutions Inc,Technology,0.5914,0.6811,0.716,0.1113,0.5712,0.6848,Standard review,"Flagged for weak external ESG evidence, weak integrity signal; requires further ESG due diligence."
EMN,Eastman Chemical Company,Basic Materials,0.7471,0.5674,0.5389,0.1955,0.5688,0.6809,Standard review,Flagged for high ESG disclosure intensity; requires further ESG due diligence.
USB,U.S. Bancorp,Financial Services,0.4086,0.929,0.2957,0.5851,0.5686,0.677,Standard review,"Flagged for weak external ESG evidence, cross-source inconsistency; requires further ESG due diligence."
LULU,Lululemon Athletica Inc.,Consumer Cyclical,0.7977,0.4358,0.5389,0.3229,0.5661,0.6732,Standard review,Flagged for high ESG disclosure intensity; requires further ESG due diligence.
BAX,Baxter International Inc.,Healthcare,0.3268,0.7015,0.8463,0.4643,0.5637,0.6693,Standard review,"Flagged for weak external ESG evidence, weak integrity signal; requires further ESG due diligence."
AAPL,Apple Inc.,Technology,0.8016,0.5538,0.1556,0.5644,0.5625,0.6654,Standard review,"Flagged for high ESG disclosure intensity, cross-source inconsistency; requires further ESG due diligence."
STLD,Steel Dynamics Inc,Basic Materials,0.5447,0.784,0.4533,0.2958,0.5609,0.6615,Standard review,Flagged for weak external ESG evidence; requires further ESG due diligence.
CHTR,Charter Comm Inc Del Cl a,Communication Services,0.3074,0.5877,0.9553,0.5628,0.5594,0.6537,Standard review,"Flagged for weak integrity signal, cross-source inconsistency; requires further ESG due diligence."
MDT,Medtronic Plc,Healthcare,0.5292,0.6835,0.716,0.1728,0.5594,0.6576,Standard review,"Flagged for weak external ESG evidence, weak integrity signal; requires further ESG due diligence."
BKNG,Booking Holdings Inc.,Consumer Cyclical,0.7393,0.5666,0.4533,0.2494,0.5568,0.6498,Standard review,Flagged for high ESG disclosure intensity; requires further ESG due diligence.
FMC,Fmc Corporation,Basic Materials,0.428,0.7308,0.716,0.2956,0.5566,0.6459,Standard review,"Flagged for weak external ESG evidence, weak integrity signal; requires further ESG due diligence."
CAG,"Conagra Brands, Inc.",Consumer Defensive,0.2257,0.8329,0.716,0.558,0.5557,0.642,Standard review,"Flagged for weak external ESG evidence, weak integrity signal, cross-source inconsistency; requires further ESG due diligence."
ETN,"Eaton Corporation, Plcs",Industrials,0.9533,0.2264,0.2179,0.7312,0.5548,0.6381,Standard review,"Flagged for high ESG disclosure intensity, cross-source inconsistency; requires further ESG due diligence."
CHRW,"C.H. Robinson Worldwide, Inc.",Industrials,0.856,0.3941,0.2957,0.5182,0.5547,0.6342,Standard review,"Flagged for high ESG disclosure intensity, cross-source inconsistency; requires further ESG due diligence."
SJM,The J.M. Smucker Company,Consumer Defensive,0.4981,0.7458,0.6109,0.2149,0.5525,0.6304,Standard review,Flagged for weak external ESG evidence; requires further ESG due diligence.
KMI,"Kinder Morgan, Inc.",Energy,0.7354,0.2674,0.716,0.4586,0.5496,0.6265,Standard review,"Flagged for high ESG disclosure intensity, weak integrity signal; requires further ESG due diligence."
EXR,"Extra Space Storage, Inc.",Real Estate,0.8599,0.4329,0.0331,0.7162,0.5449,0.6226,Standard review,"Flagged for high ESG disclosure intensity, cross-source inconsistency; requires further ESG due diligence."
SPG,"Simon Property Group, Inc.",Real Estate,0.8093,0.3588,0.4533,0.4115,0.5433,0.6187,Standard review,Flagged for high ESG disclosure intensity; requires further ESG due diligence.
JNJ,Johnson & Johnson,Healthcare,0.0973,0.7725,0.8463,0.715,0.5423,0.6148,Standard review,"Flagged for weak external ESG evidence, weak integrity signal, cross-source inconsistency; requires further ESG due diligence."
TMUS,"T-Mobile Us, Inc.",Communication Services,0.4747,0.7886,0.4533,0.3251,0.5422,0.6109,Standard review,Flagged for weak external ESG evidence; requires further ESG due diligence.
TPR,"Tapestry, Inc.",Consumer Cyclical,0.9066,0.3436,0.0331,0.767,0.5421,0.607,Standard review,"Flagged for high ESG disclosure intensity, cross-source inconsistency; requires further ESG due diligence."
SWK,"Stanley Black & Decker, Inc.",Industrials,0.4591,0.6728,0.716,0.2382,0.5414,0.6031,Standard review,"Flagged for weak external ESG evidence, weak integrity signal; requires further ESG due diligence."
HOLX,Hologic Inc,Healthcare,0.0623,0.6954,0.9553,0.7956,0.5408,0.5992,Standard review,"Flagged for weak external ESG evidence, weak integrity signal, cross-source inconsistency; requires further ESG due diligence."
EQT,Eqt Corp,Energy,0.2179,0.7955,0.716,0.5422,0.5394,0.5953,Standard review,"Flagged for weak external ESG evidence, weak integrity signal, cross-source inconsistency; requires further ESG due diligence."
UPS,"United Parcel Service, Inc. Class B",Industrials,0.677,0.3544,0.716,0.3437,0.538,0.5914,Standard review,"Flagged for high ESG disclosure intensity, weak integrity signal; requires further ESG due diligence."
MKC,"Mccormick & Company, Incorporated Non-Vtg Cs",Consumer Defensive,0.6965,0.5728,0.4533,0.2106,0.5379,0.5875,Standard review,Flagged for high ESG disclosure intensity; requires further ESG due diligence.
STX,Seagate Technology Holdings Plcs,Technology,0.7626,0.0874,0.716,0.6532,0.5343,0.5837,Standard review,"Flagged for high ESG disclosure intensity, weak integrity signal, cross-source inconsistency; requires further ESG due diligence."
IPG,"The Interpublic Group of Companies, Inc.",Communication Services,0.9222,0.1996,0.2179,0.7136,0.5333,0.5798,Standard review,"Flagged for high ESG disclosure intensity, cross-source inconsistency; requires further ESG due diligence."
AXP,American Express Company,Financial Services,0.4475,0.4879,0.8463,0.3802,0.5293,0.5759,Standard review,Flagged for weak integrity signal; requires further ESG due diligence.
RJF,"Raymond James Financial, Inc.",Financial Services,0.1712,0.8563,0.6109,0.6012,0.5292,0.572,Standard review,"Flagged for weak external ESG evidence, cross-source inconsistency; requires further ESG due diligence."
CMG,"Chipotle Mexican Grill, Inc.",Consumer Cyclical,0.5875,0.4912,0.716,0.1953,0.5255,0.5681,Standard review,Flagged for weak integrity signal; requires further ESG due diligence.
MTD,Mettler-Toledo International,Healthcare,0.9377,0.1975,0.0681,0.8127,0.523,0.5642,Standard review,"Flagged for high ESG disclosure intensity, cross-source inconsistency; requires further ESG due diligence."
BWA,Borgwarner Inc.,Consumer Cyclical,0.9728,0.1144,0.0681,0.8824,0.5208,0.5603,Standard review,"Flagged for high ESG disclosure intensity, cross-source inconsistency; requires further ESG due diligence."
IEX,Idex Corporation,Industrials,0.5136,0.7648,0.1556,0.5302,0.5199,0.5564,Standard review,"Flagged for weak external ESG evidence, cross-source inconsistency; requires further ESG due diligence."
MSI,"Motorola Solutions, Inc.",Technology,0.8366,0.153,0.4533,0.5934,0.5184,0.5525,Standard review,"Flagged for high ESG disclosure intensity, cross-source inconsistency; requires further ESG due diligence."
CNC,Centene Corporation,Healthcare,0.0428,0.5888,1.0,0.8317,0.5164,0.5486,Standard review,"Flagged for weak integrity signal, cross-source inconsistency; requires further ESG due diligence."
FCX,Freeport-Mcmoran Inc.,Basic Materials,0.3891,0.8058,0.3696,0.4268,0.5159,0.5447,Standard review,Flagged for weak external ESG evidence; requires further ESG due diligence.
VTR,"Ventas, Inc.",Real Estate,0.8521,0.2296,0.2957,0.5922,0.5151,0.5409,Standard review,"Flagged for high ESG disclosure intensity, cross-source inconsistency; requires further ESG due diligence."
COF,Capital One Financial,Financial Services,0.2685,0.7,0.716,0.4397,0.5131,0.537,Standard review,"Flagged for weak external ESG evidence, weak integrity signal; requires further ESG due diligence."
AWK,"American Water Works Company, Inc",Utilities,0.8132,0.3061,0.2957,0.5124,0.5125,0.5331,Standard review,"Flagged for high ESG disclosure intensity, cross-source inconsistency; requires further ESG due diligence."
SNPS,Synopsys Inc,Technology,0.8405,0.2405,0.2957,0.5743,0.5116,0.5292,Standard review,"Flagged for high ESG disclosure intensity, cross-source inconsistency; requires further ESG due diligence."
MMC,"Marsh & Mclennan Companies, Inc.",Financial Services,0.3774,0.6324,0.716,0.3055,0.5108,0.5253,Standard review,Flagged for weak integrity signal; requires further ESG due diligence.
CBRE,"Cbre Group, Inc.",Real Estate,0.7121,0.0741,0.716,0.6399,0.5106,0.5214,Standard review,"Flagged for high ESG disclosure intensity, weak integrity signal, cross-source inconsistency; requires further ESG due diligence."
CDNS,Cadence Design Systems,Technology,0.965,0.0878,0.0331,0.9058,0.5066,0.5175,Standard review,"Flagged for high ESG disclosure intensity, cross-source inconsistency; requires further ESG due diligence."
PNR,Pentair Plc,Industrials,0.6537,0.4769,0.5389,0.1554,0.5029,0.5136,Standard review,Flagged for moderate combined Talk-Walk signal; requires further ESG due diligence.
BDX,"Becton, Dickinson and Co.",Healthcare,0.2023,0.7062,0.716,0.5088,0.5022,0.5097,Standard review,"Flagged for weak external ESG evidence, weak integrity signal, cross-source inconsistency; requires further ESG due diligence."
AEE,Ameren Corporation,Utilities,0.3696,0.6091,0.716,0.3071,0.5014,0.5058,Standard review,Flagged for weak integrity signal; requires further ESG due diligence.
REGN,Regeneron Pharmaceuticals Inc,Healthcare,0.3619,0.4634,0.8463,0.4425,0.5013,0.5019,Standard review,Flagged for weak integrity signal; requires further ESG due diligence.
GLW,Corning Incorporated,Technology,0.8444,0.2771,0.0973,0.6754,0.4994,0.4981,Standard review,"Flagged for high ESG disclosure intensity, cross-source inconsistency; requires further ESG due diligence."
FIS,"Fidelity National Information Services, Inc.",Technology,0.6304,0.4162,0.6109,0.2051,0.4984,0.4942,Standard review,Flagged for moderate combined Talk-Walk signal; requires further ESG due diligence.
EBAY,Ebay Inc,Consumer Cyclical,0.7899,0.3791,0.0681,0.6271,0.4979,0.4903,Standard review,"Flagged for high ESG disclosure intensity, cross-source inconsistency; requires further ESG due diligence."
APTV,Aptiv Plc,Consumer Cyclical,0.8988,0.0865,0.2179,0.7553,0.4974,0.4864,Standard review,"Flagged for high ESG disclosure intensity, cross-source inconsistency; requires further ESG due diligence."
XYL,Xylem Inc,Industrials,0.8054,0.331,0.0973,0.625,0.4944,0.4825,Standard review,"Flagged for high ESG disclosure intensity, cross-source inconsistency; requires further ESG due diligence."
CSGP,Costar Group Inc,Real Estate,0.607,0.6064,0.1556,0.451,0.4931,0.4786,Standard review,Flagged for moderate combined Talk-Walk signal; requires further ESG due diligence.
CMI,Cummins Inc.,Industrials,0.5798,0.3039,0.716,0.3636,0.4918,0.4747,Standard review,Flagged for weak integrity signal; requires further ESG due diligence.
DGX,Quest Diagnostics Inc.,Healthcare,0.537,0.6326,0.4533,0.1554,0.4917,0.4708,Standard review,Flagged for moderate combined Talk-Walk signal; requires further ESG due diligence.
FDX,Fedex Corporation,Industrials,0.6342,0.3495,0.6109,0.2738,0.4901,0.4669,Standard review,Flagged for moderate combined Talk-Walk signal; requires further ESG due diligence.
BIIB,Biogen Inc.,Healthcare,0.3152,0.6837,0.6109,0.3381,0.4883,0.463,Standard review,Flagged for weak external ESG evidence; requires further ESG due diligence.
ISRG,Intuitive Surgical Inc.,Healthcare,0.6926,0.4463,0.2179,0.4112,0.4816,0.4591,Standard review,Flagged for high ESG disclosure intensity; requires further ESG due diligence.
KHC,The Kraft Heinz Company,Consumer Defensive,0.0467,0.8416,0.5389,0.6949,0.4808,0.4553,Standard review,"Flagged for weak external ESG evidence, cross-source inconsistency; requires further ESG due diligence."
NUE,Nucor Corporation,Basic Materials,0.1051,0.7687,0.6109,0.6005,0.4796,0.4514,Standard review,"Flagged for weak external ESG evidence, cross-source inconsistency; requires further ESG due diligence."
AKAM,Akamai Technologies Inc,Technology,0.7043,0.3894,0.2957,0.3707,0.4781,0.4475,Standard review,Flagged for high ESG disclosure intensity; requires further ESG due diligence.
EQR,Equity Residential,Real Estate,0.7743,0.1739,0.3696,0.5304,0.4767,0.4436,Standard review,"Flagged for high ESG disclosure intensity, cross-source inconsistency; requires further ESG due diligence."
LDOS,"Leidos Holdings, Inc.",Technology,0.4319,0.4725,0.716,0.2661,0.476,0.4397,Standard review,Flagged for weak integrity signal; requires further ESG due diligence.
SBUX,Starbucks Corp,Consumer Cyclical,0.0778,0.7632,0.6109,0.6233,0.4719,0.4358,Standard review,"Flagged for weak external ESG evidence, cross-source inconsistency; requires further ESG due diligence."
CHD,"Church & Dwight Co., Inc.",Consumer Defensive,0.6265,0.2093,0.6109,0.4096,0.4657,0.4319,Standard review,Flagged for moderate combined Talk-Walk signal; requires further ESG due diligence.
DXCM,"Dexcom, Inc.",Healthcare,0.2374,0.5807,0.716,0.4273,0.4646,0.428,Standard review,Flagged for weak integrity signal; requires further ESG due diligence.
MSFT,Microsoft Corp,Technology,0.7315,0.3518,0.0973,0.5528,0.4639,0.4241,Standard review,"Flagged for high ESG disclosure intensity, cross-source inconsistency; requires further ESG due diligence."
QCOM,Qualcomm Inc,Technology,0.4047,0.2339,0.8463,0.5474,0.4632,0.4202,Standard review,"Flagged for weak integrity signal, cross-source inconsistency; requires further ESG due diligence."
TSN,"Tyson Foods, Inc.",Consumer Defensive,0.0739,0.7425,0.6109,0.6135,0.4628,0.4163,Standard review,"Flagged for weak external ESG evidence, cross-source inconsistency; requires further ESG due diligence."
ACGL,Arch Capital Group Ltd,Financial Services,0.4786,0.6481,0.2179,0.3753,0.4618,0.4125,Standard review,Flagged for moderate combined Talk-Walk signal; requires further ESG due diligence.
CTSH,Cognizant Technology Solutions,Technology,0.7198,0.3468,0.1556,0.497,0.4617,0.4086,Standard review,Flagged for high ESG disclosure intensity; requires further ESG due diligence.
FTNT,"Fortinet, Inc.",Technology,0.5097,0.5873,0.3696,0.1911,0.4572,0.4047,Standard review,Flagged for moderate combined Talk-Walk signal; requires further ESG due diligence.
AMT,American Tower Corporation,Real Estate,0.6732,0.1016,0.5389,0.5176,0.4515,0.4008,Standard review,"Flagged for high ESG disclosure intensity, cross-source inconsistency; requires further ESG due diligence."
ORCL,Oracle Corp,Technology,0.2957,0.3263,0.8463,0.5359,0.4511,0.3969,Standard review,"Flagged for weak integrity signal, cross-source inconsistency; requires further ESG due diligence."
MDLZ,"Mondelez International, Inc. Class A",Consumer Defensive,0.1595,0.3594,0.9222,0.6849,0.4508,0.393,Standard review,"Flagged for weak integrity signal, cross-source inconsistency; requires further ESG due diligence."
CINF,Cincinnati Financial Corp,Financial Services,0.0311,0.8177,0.4533,0.6818,0.4491,0.3891,Standard review,"Flagged for weak external ESG evidence, cross-source inconsistency; requires further ESG due diligence."
NCLH,Norwegian Cruise Line Holdings Ltd.s,Consumer Cyclical,0.3346,0.6597,0.4533,0.2849,0.4484,0.3852,Standard review,Flagged for moderate combined Talk-Walk signal; requires further ESG due diligence.
LVS,Las Vegas Sands Corp.,Consumer Cyclical,0.1362,0.4638,0.8463,0.6156,0.4484,0.3813,Standard review,"Flagged for weak integrity signal, cross-source inconsistency; requires further ESG due diligence."
DPZ,Domino's Pizza Inc.,Consumer Cyclical,0.2918,0.7326,0.2957,0.4388,0.4469,0.3774,Standard review,Flagged for weak external ESG evidence; requires further ESG due diligence.
MGM,Mgm Resorts International,Consumer Cyclical,0.249,0.8082,0.0973,0.6485,0.4463,0.3735,Standard review,"Flagged for weak external ESG evidence, cross-source inconsistency; requires further ESG due diligence."
CPB,Campbell Soup Company,Consumer Defensive,0.3035,0.4724,0.716,0.3591,0.445,0.3696,Standard review,Flagged for weak integrity signal; requires further ESG due diligence.
RMD,Resmed Inc.,Healthcare,0.144,0.7827,0.3696,0.561,0.4433,0.3658,Standard review,"Flagged for weak external ESG evidence, cross-source inconsistency; requires further ESG due diligence."
NDAQ,"Nasdaq, Inc.",Financial Services,0.7588,0.2414,0.0175,0.6585,0.4403,0.3619,Standard review,"Flagged for high ESG disclosure intensity, cross-source inconsistency; requires further ESG due diligence."
MRK,"Merck & Co., Inc.",Healthcare,0.2996,0.5627,0.6109,0.2902,0.4394,0.358,Standard review,Flagged for moderate combined Talk-Walk signal; requires further ESG due diligence.
JCI,Johnson Controls International Plc,Industrials,0.8249,0.0825,0.0486,0.7599,0.4372,0.3502,Standard review,"Flagged for high ESG disclosure intensity, cross-source inconsistency; requires further ESG due diligence."
WMT,Walmart Inc.,Consumer Defensive,0.1323,0.5635,0.716,0.5243,0.4372,0.3541,Standard review,"Flagged for weak integrity signal, cross-source inconsistency; requires further ESG due diligence."
UNH,Unitedhealth Group Incorporated,Healthcare,0.1907,0.3681,0.8463,0.5874,0.4345,0.3463,Standard review,"Flagged for weak integrity signal, cross-source inconsistency; requires further ESG due diligence."
BK,Bank of New York Mellon Corporation,Financial Services,0.4864,0.5637,0.2957,0.2389,0.4343,0.3424,Standard review,Flagged for moderate combined Talk-Walk signal; requires further ESG due diligence.
A,Agilent Technologies Inc.,Healthcare,0.642,0.1944,0.4533,0.3892,0.4321,0.3385,Standard review,Flagged for moderate combined Talk-Walk signal; requires further ESG due diligence.
SCHW,The Charles Schwab Corporation,Financial Services,0.3658,0.6661,0.2179,0.3956,0.4308,0.3346,Standard review,Flagged for moderate combined Talk-Walk signal; requires further ESG due diligence.
CBOE,"Cboe Global Markets, Inc.",Financial Services,0.4397,0.5176,0.5389,0.0905,0.4305,0.3307,Standard review,Flagged for moderate combined Talk-Walk signal; requires further ESG due diligence.
WBA,"Walgreens Boots Alliance, Inc",Healthcare,0.2062,0.3352,0.8463,0.5863,0.43,0.3268,Standard review,"Flagged for weak integrity signal, cross-source inconsistency; requires further ESG due diligence."
PYPL,"Paypal Holdings, Inc.",Financial Services,0.6693,0.3465,0.0486,0.5376,0.4286,0.323,Standard review,Flagged for cross-source inconsistency; requires further ESG due diligence.
INTU,Intuit Inc,Technology,0.5331,0.5086,0.2179,0.3037,0.4283,0.3191,Standard review,Flagged for moderate combined Talk-Walk signal; requires further ESG due diligence.
DHI,D.R. Horton Inc.,Consumer Cyclical,0.2568,0.4421,0.716,0.4001,0.4257,0.3152,Standard review,Flagged for weak integrity signal; requires further ESG due diligence.
WEC,"Wec Energy Group, Inc.",Utilities,0.2802,0.667,0.3696,0.3508,0.4247,0.3113,Standard review,Flagged for moderate combined Talk-Walk signal; requires further ESG due diligence.
MAA,"Mid-America Apartment Communities, Inc.",Real Estate,0.0856,0.283,0.9553,0.7897,0.4244,0.3074,Standard review,"Flagged for weak integrity signal, cross-source inconsistency; requires further ESG due diligence."
WRB,W.R. Berkley Corporation,Financial Services,0.4241,0.6048,0.2179,0.3353,0.4237,0.3035,Standard review,Flagged for moderate combined Talk-Walk signal; requires further ESG due diligence.
PHM,"Pultegroup, Inc.",Consumer Cyclical,0.1634,0.4969,0.716,0.4819,0.4217,0.2996,Standard review,Flagged for weak integrity signal; requires further ESG due diligence.
VRTX,Vertex Pharmaceuticals Inc,Healthcare,0.2607,0.702,0.2179,0.4642,0.4151,0.2957,Standard review,Flagged for weak external ESG evidence; requires further ESG due diligence.
TRV,"The Travelers Companies, Inc.",Financial Services,0.0661,0.535,0.716,0.5809,0.414,0.2918,Standard review,"Flagged for weak integrity signal, cross-source inconsistency; requires further ESG due diligence."
FRT,Federal Realty Investment Trust,Real Estate,0.7082,0.1961,0.0973,0.568,0.4113,0.2879,Standard review,"Flagged for high ESG disclosure intensity, cross-source inconsistency; requires further ESG due diligence."
JNPR,Juniper Networks Inc,Technology,0.6148,0.3175,0.2179,0.3576,0.4077,0.284,Standard review,Flagged for moderate combined Talk-Walk signal; requires further ESG due diligence.
TJX,"Tjx Companies, Inc.",Consumer Cyclical,0.1829,0.2656,0.8463,0.6262,0.4069,0.2802,Standard review,"Flagged for weak integrity signal, cross-source inconsistency; requires further ESG due diligence."
DLR,"Digital Realty Trust, Inc.",Real Estate,0.6459,0.2833,0.0973,0.4833,0.403,0.2763,Standard review,Flagged for moderate combined Talk-Walk signal; requires further ESG due diligence.
MHK,"Mohawk Industries, Inc.",Consumer Cyclical,0.2529,0.1434,0.8463,0.655,0.3991,0.2724,Standard review,"Flagged for weak integrity signal, cross-source inconsistency; requires further ESG due diligence."
KMB,Kimberly-Clark Corp.,Consumer Defensive,0.4008,0.5373,0.3696,0.1545,0.3986,0.2685,Standard review,Flagged for moderate combined Talk-Walk signal; requires further ESG due diligence.
TXN,Texas Instruments Incorporated,Technology,0.4708,0.4873,0.2179,0.2616,0.3938,0.2646,Standard review,Flagged for moderate combined Talk-Walk signal; requires further ESG due diligence.
IQV,Iqvia Holdings Inc.,Healthcare,0.4163,0.4808,0.4533,0.056,0.389,0.2607,Standard review,Flagged for moderate combined Talk-Walk signal; requires further ESG due diligence.
LRCX,Lam Research Corp,Technology,0.572,0.1191,0.4533,0.4067,0.3876,0.2568,Standard review,Flagged for moderate combined Talk-Walk signal; requires further ESG due diligence.
IVZ,Invesco Ltd,Financial Services,0.0389,0.7027,0.3696,0.5749,0.3846,0.2529,Standard review,"Flagged for weak external ESG evidence, cross-source inconsistency; requires further ESG due diligence."
AMGN,Amgen Inc,Healthcare,0.1128,0.6628,0.3696,0.4766,0.3837,0.249,Standard review,Flagged for moderate combined Talk-Walk signal; requires further ESG due diligence.
ADBE,Adobe Inc.,Technology,0.5837,0.1628,0.3696,0.3645,0.3817,0.2451,Standard review,Flagged for moderate combined Talk-Walk signal; requires further ESG due diligence.
EXPD,"Expeditors International of Washington, Inc.",Industrials,0.463,0.2086,0.5389,0.2996,0.3774,0.2412,Standard review,Flagged for moderate combined Talk-Walk signal; requires further ESG due diligence.
SPGI,S&p Global Inc.,Financial Services,0.5486,0.2298,0.3696,0.2768,0.3764,0.2374,Standard review,Flagged for moderate combined Talk-Walk signal; requires further ESG due diligence.
INTC,Intel Corp,Technology,0.4942,0.4231,0.1245,0.3397,0.3757,0.2335,Standard review,Flagged for moderate combined Talk-Walk signal; requires further ESG due diligence.
SYF,Synchrony Financial,Financial Services,0.4669,0.423,0.2957,0.154,0.3726,0.2296,Standard review,Flagged for moderate combined Talk-Walk signal; requires further ESG due diligence.
AJG,Arthur J. Gallagher & Co.,Financial Services,0.2101,0.6337,0.2179,0.4198,0.3702,0.2257,Standard review,Flagged for moderate combined Talk-Walk signal; requires further ESG due diligence.
KMX,Carmax Inc.,Consumer Cyclical,0.5525,0.251,0.2957,0.2818,0.3701,0.2218,Standard review,Flagged for moderate combined Talk-Walk signal; requires further ESG due diligence.
FITB,Fifth Third Bancorp,Financial Services,0.5409,0.3386,0.1245,0.3606,0.3699,0.2179,Standard review,Flagged for moderate combined Talk-Walk signal; requires further ESG due diligence.
NTRS,Northern Trust Corp,Financial Services,0.0039,0.719,0.2957,0.6228,0.3696,0.214,Standard review,"Flagged for weak external ESG evidence, cross-source inconsistency; requires further ESG due diligence."
NEM,Newmont Corporation,Basic Materials,0.3385,0.2751,0.6109,0.309,0.3695,0.2101,Standard review,Flagged for moderate combined Talk-Walk signal; requires further ESG due diligence.
HSY,The Hershey Company,Consumer Defensive,0.3113,0.5773,0.1556,0.3693,0.3687,0.2062,Standard review,Flagged for moderate combined Talk-Walk signal; requires further ESG due diligence.
WDC,Western Digital Corp.,Technology,0.5681,0.1262,0.3696,0.3834,0.3681,0.2023,Standard review,Flagged for moderate combined Talk-Walk signal; requires further ESG due diligence.
HRL,Hormel Foods Corporation,Consumer Defensive,0.0895,0.697,0.2179,0.5546,0.3672,0.1984,Standard review,"Flagged for weak external ESG evidence, cross-source inconsistency; requires further ESG due diligence."
HIG,"The Hartford Financial Services Group, Inc.",Financial Services,0.5564,0.2819,0.1556,0.3549,0.3637,0.1946,Standard review,Flagged for moderate combined Talk-Walk signal; requires further ESG due diligence.
CMCSA,Comcast Corp,Communication Services,0.0078,0.569,0.5389,0.5468,0.3632,0.1907,Standard review,Flagged for cross-source inconsistency; requires further ESG due diligence.
PGR,Progressive Corporation,Financial Services,0.1479,0.4908,0.5389,0.3694,0.3622,0.1868,Standard review,Flagged for moderate combined Talk-Walk signal; requires further ESG due diligence.
CFG,"Citizens Financial Group, Inc.",Financial Services,0.1012,0.6892,0.1556,0.5627,0.3577,0.1829,Standard review,"Flagged for weak external ESG evidence, cross-source inconsistency; requires further ESG due diligence."
STZ,"Constellation Brands, Inc.",Consumer Defensive,0.3735,0.4764,0.2957,0.157,0.3564,0.179,Standard review,Flagged for moderate combined Talk-Walk signal; requires further ESG due diligence.
CPT,Camden Property Trust,Real Estate,0.3424,0.4998,0.2179,0.2447,0.3501,0.1751,Standard review,Flagged for moderate combined Talk-Walk signal; requires further ESG due diligence.
GRMN,Garmin Ltd,Technology,0.1167,0.6684,0.1245,0.5478,0.3484,0.1712,Standard review,Flagged for cross-source inconsistency; requires further ESG due diligence.
FAST,Fastenal Co,Industrials,0.3307,0.4667,0.3696,0.1212,0.3479,0.1673,Standard review,Flagged for moderate combined Talk-Walk signal; requires further ESG due diligence.
NXPI,Nxp Semiconductors N.v.,Technology,0.3463,0.4857,0.2179,0.232,0.3453,0.1634,Standard review,Flagged for moderate combined Talk-Walk signal; requires further ESG due diligence.
PAYX,Paychex Inc,Industrials,0.5603,0.2359,0.0486,0.4484,0.3439,0.1595,Standard review,Flagged for moderate combined Talk-Walk signal; requires further ESG due diligence.
NVDA,Nvidia Corp,Technology,0.4436,0.1789,0.4533,0.2697,0.34,0.1556,Standard review,Flagged for moderate combined Talk-Walk signal; requires further ESG due diligence.
HSIC,Henry Schein Inc,Healthcare,0.358,0.1804,0.5389,0.3105,0.3338,0.1518,Standard review,Flagged for moderate combined Talk-Walk signal; requires further ESG due diligence.
VRSK,"Verisk Analytics, Inc.",Industrials,0.323,0.4883,0.1245,0.3155,0.3317,0.1479,Standard review,Flagged for moderate combined Talk-Walk signal; requires further ESG due diligence.
TGT,Target Corporation,Consumer Defensive,0.4903,0.2005,0.2957,0.2558,0.3293,0.144,Standard review,Flagged for moderate combined Talk-Walk signal; requires further ESG due diligence.
TROW,T Rowe Price Group Inc,Financial Services,0.4358,0.3085,0.2957,0.1342,0.3243,0.1401,Standard review,Flagged for moderate combined Talk-Walk signal; requires further ESG due diligence.
CTAS,Cintas Corp,Industrials,0.2879,0.3679,0.4533,0.1432,0.3233,0.1362,Standard review,Flagged for moderate combined Talk-Walk signal; requires further ESG due diligence.
JKHY,Henry (Jack) & Associates,Technology,0.214,0.4647,0.3696,0.2192,0.3211,0.1323,Standard review,Flagged for moderate combined Talk-Walk signal; requires further ESG due diligence.
HLT,Hilton Worldwide Holdings Inc.,Consumer Cyclical,0.1284,0.2842,0.6109,0.4265,0.3164,0.1284,Standard review,Flagged for moderate combined Talk-Walk signal; requires further ESG due diligence.
BXP,"Boston Properties, Inc.",Real Estate,0.5019,0.1995,0.1245,0.3461,0.3123,0.1245,Standard review,Flagged for moderate combined Talk-Walk signal; requires further ESG due diligence.
AMP,"Ameriprise Financial, Inc.",Financial Services,0.179,0.4925,0.2957,0.2744,0.3107,0.1206,Standard review,Flagged for moderate combined Talk-Walk signal; requires further ESG due diligence.
AOS,A.O. Smith Corporation,Industrials,0.0545,0.6271,0.0681,0.566,0.3057,0.1167,Standard review,Flagged for cross-source inconsistency; requires further ESG due diligence.
PTC,"Ptc, Inc",Technology,0.2412,0.4771,0.1556,0.2883,0.3019,0.1128,Standard review,Flagged for moderate combined Talk-Walk signal; requires further ESG due diligence.
GPN,"Global Payments, Inc.",Industrials,0.035,0.5062,0.3696,0.4199,0.301,0.1089,Standard review,Flagged for moderate combined Talk-Walk signal; requires further ESG due diligence.
ZTS,Zoetis Inc.,Healthcare,0.0506,0.3522,0.5389,0.4268,0.2952,0.1051,Standard review,Flagged for moderate combined Talk-Walk signal; requires further ESG due diligence.
CAH,"Cardinal Health, Inc.",Healthcare,0.3852,0.2681,0.2957,0.106,0.2903,0.1012,Standard review,Flagged for moderate combined Talk-Walk signal; requires further ESG due diligence.
IBM,International Business Machines Corporation,Technology,0.4125,0.2685,0.0973,0.2733,0.2854,0.0973,Standard review,Flagged for moderate combined Talk-Walk signal; requires further ESG due diligence.
ADSK,Autodesk Inc,Technology,0.2646,0.383,0.1556,0.1969,0.2682,0.0934,Standard review,Flagged for moderate combined Talk-Walk signal; requires further ESG due diligence.
ECL,"Ecolab, Inc.",Basic Materials,0.3969,0.2487,0.0175,0.3312,0.2667,0.0895,Standard review,Flagged for moderate combined Talk-Walk signal; requires further ESG due diligence.
DHR,Danaher Corporation,Healthcare,0.07,0.1059,0.6109,0.5239,0.257,0.0856,Standard review,Flagged for cross-source inconsistency; requires further ESG due diligence.
AFL,Aflac Inc.,Financial Services,0.1518,0.4661,0.0175,0.3988,0.2563,0.0817,Standard review,Flagged for moderate combined Talk-Walk signal; requires further ESG due diligence.
COO,"The Cooper Companies, Inc.",Healthcare,0.1673,0.3179,0.3696,0.1821,0.2552,0.0778,Standard review,Flagged for moderate combined Talk-Walk signal; requires further ESG due diligence.
AVY,Avery Dennison Corp.,Consumer Cyclical,0.0272,0.4679,0.2179,0.3828,0.2509,0.0739,Standard review,Flagged for moderate combined Talk-Walk signal; requires further ESG due diligence.
GWW,"W.W. Grainger, Inc.",Industrials,0.1984,0.1332,0.4533,0.293,0.244,0.07,Standard review,Flagged for moderate combined Talk-Walk signal; requires further ESG due diligence.
UDR,"Udr, Inc.",Real Estate,0.2724,0.3386,0.0078,0.3032,0.2439,0.0661,Standard review,Flagged for moderate combined Talk-Walk signal; requires further ESG due diligence.
ADP,Automatic Data Processing,Industrials,0.0934,0.0993,0.5389,0.4426,0.2366,0.0623,Standard review,Flagged for moderate combined Talk-Walk signal; requires further ESG due diligence.
AVB,"Avalonbay Communities, Inc.",Real Estate,0.393,0.0775,0.1556,0.2846,0.2346,0.0584,Standard review,Flagged for moderate combined Talk-Walk signal; requires further ESG due diligence.
PFG,"Principal Financial Group, Inc.",Financial Services,0.3191,0.2494,0.0331,0.2583,0.2319,0.0545,Standard review,Flagged for moderate combined Talk-Walk signal; requires further ESG due diligence.
CME,Cme Group Inc.,Financial Services,0.1868,0.3649,0.0973,0.236,0.2297,0.0506,Standard review,Flagged for moderate combined Talk-Walk signal; requires further ESG due diligence.
LKQ,Lkq Corporation,Consumer Cyclical,0.1089,0.0368,0.5389,0.4702,0.2275,0.0467,Standard review,Flagged for moderate combined Talk-Walk signal; requires further ESG due diligence.
ANSS,Ansys Inc,Technology,0.2451,0.3093,0.0681,0.2164,0.2247,0.0428,Standard review,Flagged for moderate combined Talk-Walk signal; requires further ESG due diligence.
BBY,"Best Buy Company, Inc.",Consumer Cyclical,0.0233,0.3445,0.2957,0.2998,0.2156,0.0389,Standard review,Flagged for moderate combined Talk-Walk signal; requires further ESG due diligence.
GPC,Genuine Parts Company,Consumer Cyclical,0.1946,0.114,0.3696,0.2264,0.2102,0.035,Standard review,Flagged for moderate combined Talk-Walk signal; requires further ESG due diligence.
HST,"Host Hotels & Resorts, Inc.",Real Estate,0.1556,0.2753,0.2179,0.1037,0.1962,0.0311,Standard review,Flagged for moderate combined Talk-Walk signal; requires further ESG due diligence.
SYY,Sysco Corporation,Consumer Defensive,0.0817,0.1313,0.3696,0.2666,0.1819,0.0272,Standard review,Flagged for moderate combined Talk-Walk signal; requires further ESG due diligence.
CSCO,"Cisco Systems, Inc.",Technology,0.1401,0.3032,0.0039,0.2595,0.1797,0.0233,Standard review,Flagged for moderate combined Talk-Walk signal; requires further ESG due diligence.
ROK,"Rockwell Automation, Inc.",Industrials,0.1206,0.2089,0.2179,0.0931,0.1624,0.0195,Standard review,Flagged for moderate combined Talk-Walk signal; requires further ESG due diligence.
SBAC,Sba Communications Corp,Real Estate,0.1751,0.1199,0.2179,0.0851,0.1536,0.0156,Standard review,Flagged for moderate combined Talk-Walk signal; requires further ESG due diligence.
TRMB,Trimble Inc.,Technology,0.2335,0.0825,0.0486,0.1704,0.1418,0.0117,Standard review,Flagged for moderate combined Talk-Walk signal; requires further ESG due diligence.
MSCI,"Msci, Inc.",Financial Services,0.0156,0.2757,0.0175,0.2592,0.1305,0.0078,Standard review,Flagged for moderate combined Talk-Walk signal; requires further ESG due diligence.
ACN,Accenture Plc,Technology,0.0195,0.0894,0.1556,0.118,0.0825,0.0039,Standard review,Flagged for moderate combined Talk-Walk signal; requires further ESG due diligence.
